{
  "train_loss": [
    0.09756280820663661
  ],
  "eval_loss": [
    0.2064959704875946,
    0.13843941688537598,
    0.10455889999866486,
    0.09792707860469818,
    0.08473743498325348,
    0.08274190127849579,
    0.0728842169046402,
    0.07168902456760406,
    0.06923320889472961,
    0.0711967945098877
  ],
  "eval_f1": [
    0.658543878008671,
    0.75722415194738,
    0.8121995192307692,
    0.8302251281670258,
    0.8529989424384349,
    0.8539763366781489,
    0.8724022004889975,
    0.8683392708254378,
    0.8748100881191128,
    0.8722453616054525
  ],
  "eval_precision": [
    0.6341779441405125,
    0.7216509367516551,
    0.7857558139534884,
    0.7950761349082112,
    0.8295621510431972,
    0.8237503611672927,
    0.8577223557692307,
    0.847211950894838,
    0.8553178847296494,
    0.8502879078694817
  ],
  "eval_recall": [
    0.6848569651741293,
    0.7964863184079602,
    0.8404850746268657,
    0.8686256218905473,
    0.8777985074626866,
    0.8865049751243781,
    0.8875932835820896,
    0.8905472636815921,
    0.8952114427860697,
    0.8953669154228856
  ],
  "eval_accuracy": [
    0.9441828294217414,
    0.95720146672857,
    0.967728181465023,
    0.9703527539060649,
    0.9740859002662472,
    0.973612150728153,
    0.9780748713770004,
    0.9777906216541439,
    0.9784917709705233,
    0.9775442718943349
  ]
}